#,Symbol,Weight,Price,Chg,% Chg
1,NVDA,13.15%,239.13,5.18,2.21%
2,AAPL,11.07%,333.06,-0.63,-0.19%
3,MSFT,8.88%,525.03,7.5,1.45%
4,AMZN,6.18%,251.5,-0.02,-0.01%
5,SPCX,5.13%,171.03,12.07,7.59%
6,GOOGL,4.97%,346.33,2.83,0.83%
7,GOOG,4.64%,343.6,3.25,0.95%
8,META,4.30%,741.97,13.89,1.91%
9,AVGO,3.94%,362.48,7.34,2.07%
10,TSLA,3.41%,379.43,8.84,2.39%
11,MU,2.73%,1062.13,-12.76,-1.19%
12,AMD,2.35%,632.32,-1.59,-0.25%
13,WMT,1.90%,104.94,0.68,0.65%
14,ASML,1.63%,1860.3,-7.01,-0.38%
15,INTC,1.40%,116.37,-2.96,-2.48%
16,PLTR,1.04%,189.37,0.62,0.33%
17,CSCO,1.01%,113.0,0.8,0.71%
18,LRCX,0.99%,346.13,-1.36,-0.39%
19,AMAT,0.98%,543.4,3.36,0.62%
20,COST,0.93%,922.76,2.11,0.23%
21,PANW,0.76%,406.39,3.15,0.78%
22,ARM,0.74%,304.27,-3.22,-1.05%
23,NFLX,0.64%,67.47,0.41,0.61%
24,CRWD,0.64%,272.79,2.75,1.02%
25,KLAC,0.62%,207.17,0.28,0.14%
26,TXN,0.61%,295.38,1.58,0.54%
27,SNDK,0.57%,1704.75,-15.24,-0.89%
28,MRVL,0.56%,271.75,-0.54,-0.20%
29,LIN,0.51%,482.52,3.04,0.64%
30,AMGN,0.50%,403.13,0.08,0.02%
31,SHOP,0.47%,160.0,8.61,5.69%
32,ADI,0.46%,419.25,2.1,0.50%
33,STX,0.46%,888.0,39.01,4.59%
34,QCOM,0.44%,181.3,-3.57,-1.93%
35,GILD,0.41%,143.5,-1.24,-0.86%
36,TMUS,0.40%,164.47,0.83,0.50%
37,PEP,0.39%,125.58,-0.31,-0.24%
38,WDC,0.36%,440.58,25.29,6.09%
39,ISRG,0.33%,406.66,14.71,3.75%
40,FTNT,0.31%,183.83,2.88,1.59%
41,VRTX,0.29%,505.96,1.23,0.24%
42,BKNG,0.27%,158.34,-0.69,-0.43%
43,PDD,0.25%,77.77,2.39,3.16%
44,SBUX,0.24%,94.31,-0.39,-0.42%
45,ADP,0.23%,257.17,-0.51,-0.20%
46,DDOG,0.22%,274.73,-2.5,-0.90%
47,LITE,0.22%,1092.05,6.63,0.61%
48,CDNS,0.22%,353.25,1.9,0.54%
49,ABNB,0.22%,164.53,2.1,1.30%
50,CEG,0.22%,268.9,11.41,4.43%
51,ADBE,0.22%,238.25,0.56,0.24%
52,APP,0.22%,282.65,14.43,5.38%
53,MELI,0.21%,1861.81,165.25,9.74%
54,SNPS,0.21%,488.47,-1.43,-0.29%
55,MAR,0.21%,355.98,-2.98,-0.83%
56,CSX,0.20%,47.0,-0.43,-0.92%
57,MNST,0.19%,43.29,0.35,0.81%
58,DASH,0.19%,191.26,2.11,1.12%
59,CTAS,0.18%,195.42,2.4,1.24%
60,WBD,0.18%,30.98,0.04,0.11%
61,CMCSA,0.17%,21.6,0.03,0.14%
62,INTU,0.17%,284.14,3.06,1.09%
63,REGN,0.17%,733.58,-1.63,-0.22%
64,MDLZ,0.17%,58.23,0.04,0.07%
65,MPWR,0.17%,1480.0,40.27,2.80%
66,ROST,0.16%,226.34,-2.2,-0.96%
67,TER,0.16%,446.26,-2.78,-0.62%
68,ORLY,0.15%,83.89,-1.01,-1.19%
69,HON,0.15%,212.35,-1.64,-0.77%
70,MSTR,0.15%,164.35,4.34,2.71%
71,AEP,0.15%,119.72,0.16,0.13%
72,NBIS,0.14%,232.87,-9.94,-4.10%
73,ALAB,0.14%,363.4,13.07,3.73%
74,NXPI,0.14%,241.5,-2.16,-0.89%
75,FAST,0.13%,50.71,-0.04,-0.08%
76,PCAR,0.13%,109.39,-0.29,-0.26%
77,BKR,0.13%,57.53,1.53,2.73%
78,FANG,0.12%,184.11,-0.6,-0.32%
79,HONA,0.11%,154.4,-0.23,-0.15%
80,CRWV,0.11%,87.4,-2.22,-2.48%
81,RKLB,0.11%,73.05,-0.87,-1.17%
82,ADSK,0.11%,221.57,9.57,4.51%
83,PYPL,0.11%,54.11,1.31,2.48%
84,WDAY,0.10%,189.85,3.72,2.00%
85,CCEP,0.10%,101.49,0.43,0.43%
86,XEL,0.10%,71.29,-0.11,-0.15%
87,MCHP,0.10%,81.25,-0.07,-0.09%
88,TRI,0.10%,97.11,-0.51,-0.52%
89,EXC,0.10%,40.82,0.09,0.22%
90,KDP,0.10%,30.9,0.53,1.75%
91,IDXX,0.09%,525.85,7.46,1.44%
92,TTWO,0.09%,203.73,1.0,0.49%
93,ODFL,0.09%,181.2,0.72,0.40%
94,FER,0.08%,51.84,-1.8,-3.37%
95,PAYX,0.08%,99.75,0.81,0.82%
96,ROP,0.08%,358.44,4.12,1.16%
97,AXON,0.08%,411.55,-1.8,-0.44%
98,DXCM,0.07%,86.63,1.27,1.48%
99,GEHC,0.07%,65.74,1.45,2.26%
100,ALNY,0.07%,219.85,0.13,0.06%
101,CPRT,0.06%,27.82,0.61,2.22%
