Symbol,% Weight,Shares
NVDA,12.84%,6707761
AAPL,11.76%,4067177
MSFT,8.74%,2057336
AMZN,5.91%,2710368
GOOGL,4.88%,1623465
AVGO,4.03%,1310810
GOOG,3.88%,1308676
META,3.48%,608068
MU,2.73%,312327
TSLA,2.44%,779157
JPM,2.23%,741807
BRK.B,2.23%,508092
AMD,2.18%,452013
LLY,2.17%,219179
XOM,1.61%,1147351
JNJ,1.55%,666326
V,1.46%,459635
INTC,1.28%,1367679
WMT,1.11%,1214057
ABBV,1.11%,489567
MA,1.09%,223262
CSCO,1.03%,1093252
PLTR,0.97%,636082
COST,0.95%,123203
CVX,0.93%,518208
BAC,0.90%,1807656
CAT,0.89%,127632
MRK,0.87%,683734
LRCX,0.86%,346530
AMAT,0.84%,219836
UNH,0.82%,251772
KO,0.82%,1071959
PG,0.81%,644782
GE,0.78%,289153
NFLX,0.72%,1165597
HD,0.71%,275833
PM,0.70%,431033
GS,0.66%,81134
WFC,0.63%,847361
SNDK,0.63%,40726
GEV,0.60%,74359
ORCL,0.60%,470134
TXN,0.58%,252221
MS,0.58%,331784
KLAC,0.55%,361915
IBM,0.51%,260094
LIN,0.51%,128086
VZ,0.48%,1156493
QCOM,0.45%,292044
PEP,0.43%,378653
MCD,0.42%,196949
